<font>
  <info face="minecraft" size="72" bold="0" italic="0" charset="" unicode="" stretchH="100" smooth="1" aa="1" padding="2,2,2,2" spacing="0,0" outline="0"/>
  <common lineHeight="72" base="55" scaleW="459" scaleH="511" pages="1" packed="0"/>
  <pages>
    <page id="0" file="minecraft.png"/>
  </pages>
  <chars count="90">
    <char id="97" x="2" y="2" width="41" height="41" xoffset="0" yoffset="14" xadvance="45" page="0" chnl="15"/>
    <char id="98" x="2" y="45" width="45" height="54" xoffset="0" yoffset="0" xadvance="50" page="0" chnl="15"/>
    <char id="99" x="45" y="2" width="41" height="41" xoffset="0" yoffset="14" xadvance="45" page="0" chnl="15"/>
    <char id="100" x="2" y="101" width="36" height="54" xoffset="0" yoffset="0" xadvance="41" page="0" chnl="15"/>
    <char id="101" x="2" y="157" width="36" height="41" xoffset="0" yoffset="14" xadvance="41" page="0" chnl="15"/>
    <char id="102" x="2" y="200" width="36" height="54" xoffset="0" yoffset="0" xadvance="41" page="0" chnl="15"/>
    <char id="103" x="2" y="256" width="36" height="59" xoffset="0" yoffset="14" xadvance="41" page="0" chnl="15"/>
    <char id="104" x="2" y="317" width="36" height="54" xoffset="0" yoffset="0" xadvance="41" page="0" chnl="15"/>
    <char id="105" x="2" y="373" width="9" height="54" xoffset="0" yoffset="0" xadvance="14" page="0" chnl="15"/>
    <char id="106" x="2" y="429" width="32" height="54" xoffset="0" yoffset="9" xadvance="36" page="0" chnl="15"/>
    <char id="107" x="13" y="373" width="36" height="54" xoffset="0" yoffset="0" xadvance="41" page="0" chnl="15"/>
    <char id="108" x="36" y="429" width="9" height="54" xoffset="0" yoffset="0" xadvance="14" page="0" chnl="15"/>
    <char id="109" x="47" y="429" width="63" height="41" xoffset="0" yoffset="14" xadvance="68" page="0" chnl="15"/>
    <char id="110" x="40" y="101" width="41" height="41" xoffset="0" yoffset="14" xadvance="45" page="0" chnl="15"/>
    <char id="111" x="49" y="45" width="36" height="41" xoffset="0" yoffset="14" xadvance="41" page="0" chnl="15"/>
    <char id="112" x="40" y="144" width="41" height="54" xoffset="0" yoffset="14" xadvance="45" page="0" chnl="15"/>
    <char id="113" x="40" y="200" width="36" height="54" xoffset="0" yoffset="14" xadvance="41" page="0" chnl="15"/>
    <char id="114" x="40" y="256" width="32" height="41" xoffset="0" yoffset="14" xadvance="36" page="0" chnl="15"/>
    <char id="115" x="40" y="299" width="32" height="45" xoffset="0" yoffset="9" xadvance="36" page="0" chnl="15"/>
    <char id="116" x="51" y="346" width="23" height="50" xoffset="0" yoffset="5" xadvance="27" page="0" chnl="15"/>
    <char id="117" x="74" y="256" width="36" height="41" xoffset="0" yoffset="14" xadvance="41" page="0" chnl="15"/>
    <char id="118" x="47" y="472" width="45" height="32" xoffset="0" yoffset="23" xadvance="50" page="0" chnl="15"/>
    <char id="119" x="94" y="472" width="50" height="36" xoffset="0" yoffset="18" xadvance="54" page="0" chnl="15"/>
    <char id="120" x="74" y="299" width="45" height="45" xoffset="0" yoffset="9" xadvance="50" page="0" chnl="15"/>
    <char id="121" x="78" y="200" width="36" height="50" xoffset="0" yoffset="14" xadvance="41" page="0" chnl="15"/>
    <char id="122" x="112" y="252" width="36" height="45" xoffset="0" yoffset="9" xadvance="41" page="0" chnl="15"/>
    <char id="65" x="76" y="346" width="41" height="54" xoffset="0" yoffset="0" xadvance="45" page="0" chnl="15"/>
    <char id="66" x="112" y="402" width="45" height="54" xoffset="0" yoffset="0" xadvance="50" page="0" chnl="15"/>
    <char id="67" x="119" y="346" width="50" height="54" xoffset="0" yoffset="0" xadvance="54" page="0" chnl="15"/>
    <char id="68" x="159" y="402" width="45" height="54" xoffset="0" yoffset="0" xadvance="50" page="0" chnl="15"/>
    <char id="69" x="83" y="88" width="45" height="54" xoffset="0" yoffset="0" xadvance="50" page="0" chnl="15"/>
    <char id="70" x="83" y="144" width="41" height="54" xoffset="0" yoffset="0" xadvance="45" page="0" chnl="15"/>
    <char id="71" x="88" y="2" width="50" height="54" xoffset="0" yoffset="0" xadvance="54" page="0" chnl="15"/>
    <char id="72" x="126" y="144" width="45" height="54" xoffset="0" yoffset="0" xadvance="50" page="0" chnl="15"/>
    <char id="73" x="130" y="58" width="18" height="54" xoffset="5" yoffset="0" xadvance="27" page="0" chnl="15"/>
    <char id="74" x="140" y="2" width="32" height="54" xoffset="0" yoffset="0" xadvance="36" page="0" chnl="15"/>
    <char id="75" x="150" y="58" width="41" height="54" xoffset="0" yoffset="0" xadvance="45" page="0" chnl="15"/>
    <char id="76" x="174" y="2" width="41" height="54" xoffset="0" yoffset="0" xadvance="45" page="0" chnl="15"/>
    <char id="77" x="150" y="200" width="45" height="54" xoffset="0" yoffset="0" xadvance="50" page="0" chnl="15"/>
    <char id="78" x="173" y="114" width="45" height="54" xoffset="0" yoffset="0" xadvance="50" page="0" chnl="15"/>
    <char id="79" x="193" y="58" width="54" height="54" xoffset="0" yoffset="0" xadvance="59" page="0" chnl="15"/>
    <char id="80" x="217" y="2" width="45" height="54" xoffset="0" yoffset="0" xadvance="50" page="0" chnl="15"/>
    <char id="81" x="150" y="256" width="54" height="54" xoffset="0" yoffset="0" xadvance="59" page="0" chnl="15"/>
    <char id="82" x="197" y="170" width="54" height="54" xoffset="0" yoffset="0" xadvance="59" page="0" chnl="15"/>
    <char id="83" x="220" y="114" width="41" height="54" xoffset="0" yoffset="0" xadvance="45" page="0" chnl="15"/>
    <char id="84" x="249" y="58" width="45" height="54" xoffset="0" yoffset="0" xadvance="50" page="0" chnl="15"/>
    <char id="85" x="264" y="2" width="41" height="54" xoffset="5" yoffset="0" xadvance="50" page="0" chnl="15"/>
    <char id="86" x="171" y="312" width="45" height="54" xoffset="0" yoffset="0" xadvance="50" page="0" chnl="15"/>
    <char id="87" x="206" y="226" width="45" height="54" xoffset="0" yoffset="0" xadvance="50" page="0" chnl="15"/>
    <char id="88" x="206" y="368" width="45" height="54" xoffset="0" yoffset="0" xadvance="50" page="0" chnl="15"/>
    <char id="89" x="218" y="282" width="45" height="54" xoffset="0" yoffset="0" xadvance="50" page="0" chnl="15"/>
    <char id="90" x="206" y="424" width="45" height="54" xoffset="0" yoffset="0" xadvance="50" page="0" chnl="15"/>
    <char id="33" x="253" y="170" width="9" height="54" xoffset="0" yoffset="0" xadvance="14" page="0" chnl="15"/>
    <char id="8470" x="116" y="200" width="19" height="48" xoffset="2" yoffset="6" xadvance="26" page="0" chnl="15"/>
    <char id="59" x="137" y="200" width="9" height="50" xoffset="5" yoffset="14" xadvance="18" page="0" chnl="15"/>
    <char id="37" x="263" y="114" width="54" height="54" xoffset="5" yoffset="0" xadvance="63" page="0" chnl="15"/>
    <char id="58" x="121" y="299" width="9" height="41" xoffset="5" yoffset="14" xadvance="18" page="0" chnl="15"/>
    <char id="63" x="296" y="58" width="36" height="54" xoffset="0" yoffset="0" xadvance="41" page="0" chnl="15"/>
    <char id="42" x="87" y="58" width="27" height="27" xoffset="0" yoffset="0" xadvance="32" page="0" chnl="15"/>
    <char id="40" x="307" y="2" width="27" height="54" xoffset="0" yoffset="0" xadvance="32" page="0" chnl="15"/>
    <char id="41" x="253" y="226" width="27" height="54" xoffset="0" yoffset="0" xadvance="32" page="0" chnl="15"/>
    <char id="95" x="130" y="114" width="41" height="5" xoffset="0" yoffset="50" xadvance="45" page="0" chnl="15"/>
    <char id="43" x="146" y="458" width="36" height="36" xoffset="5" yoffset="9" xadvance="45" page="0" chnl="15"/>
    <char id="45" x="51" y="398" width="23" height="9" xoffset="0" yoffset="32" xadvance="27" page="0" chnl="15"/>
    <char id="61" x="132" y="312" width="36" height="27" xoffset="0" yoffset="14" xadvance="41" page="0" chnl="15"/>
    <char id="46" x="40" y="346" width="9" height="9" xoffset="0" yoffset="45" xadvance="14" page="0" chnl="15"/>
    <char id="44" x="51" y="409" width="9" height="18" xoffset="0" yoffset="45" xadvance="14" page="0" chnl="15"/>
    <char id="47" x="264" y="170" width="36" height="54" xoffset="0" yoffset="0" xadvance="41" page="0" chnl="15"/>
    <char id="124" x="253" y="338" width="9" height="72" xoffset="0" yoffset="0" xadvance="14" page="0" chnl="15"/>
    <char id="34" x="184" y="480" width="36" height="27" xoffset="0" yoffset="0" xadvance="41" page="0" chnl="15"/>
    <char id="39" x="62" y="409" width="9" height="18" xoffset="0" yoffset="0" xadvance="14" page="0" chnl="15"/>
    <char id="64" x="253" y="412" width="63" height="68" xoffset="0" yoffset="0" xadvance="68" page="0" chnl="15"/>
    <char id="35" x="264" y="338" width="45" height="54" xoffset="0" yoffset="0" xadvance="50" page="0" chnl="15"/>
    <char id="36" x="282" y="226" width="36" height="63" xoffset="0" yoffset="0" xadvance="41" page="0" chnl="15"/>
    <char id="94" x="222" y="482" width="36" height="27" xoffset="0" yoffset="0" xadvance="41" page="0" chnl="15"/>
    <char id="38" x="302" y="170" width="45" height="54" xoffset="0" yoffset="0" xadvance="50" page="0" chnl="15"/>
    <char id="123" x="334" y="58" width="23" height="72" xoffset="0" yoffset="0" xadvance="27" page="0" chnl="15"/>
    <char id="125" x="311" y="291" width="23" height="72" xoffset="0" yoffset="0" xadvance="27" page="0" chnl="15"/>
    <char id="91" x="318" y="365" width="18" height="68" xoffset="0" yoffset="0" xadvance="23" page="0" chnl="15"/>
    <char id="93" x="318" y="435" width="18" height="68" xoffset="0" yoffset="0" xadvance="23" page="0" chnl="15"/>
    <char id="48" x="336" y="2" width="36" height="54" xoffset="0" yoffset="0" xadvance="41" page="0" chnl="15"/>
    <char id="49" x="320" y="226" width="27" height="54" xoffset="0" yoffset="0" xadvance="32" page="0" chnl="15"/>
    <char id="50" x="336" y="282" width="36" height="54" xoffset="0" yoffset="0" xadvance="41" page="0" chnl="15"/>
    <char id="51" x="349" y="132" width="36" height="54" xoffset="0" yoffset="0" xadvance="41" page="0" chnl="15"/>
    <char id="52" x="359" y="58" width="41" height="54" xoffset="0" yoffset="0" xadvance="45" page="0" chnl="15"/>
    <char id="53" x="374" y="2" width="45" height="54" xoffset="0" yoffset="0" xadvance="50" page="0" chnl="15"/>
    <char id="54" x="349" y="188" width="41" height="54" xoffset="0" yoffset="0" xadvance="45" page="0" chnl="15"/>
    <char id="55" x="387" y="114" width="36" height="54" xoffset="0" yoffset="0" xadvance="41" page="0" chnl="15"/>
    <char id="56" x="402" y="58" width="36" height="54" xoffset="0" yoffset="0" xadvance="41" page="0" chnl="15"/>
    <char id="57" x="421" y="2" width="36" height="54" xoffset="0" yoffset="0" xadvance="41" page="0" chnl="15"/>
    <char id="32" x="0" y="0" width="0" height="0" xoffset="0" yoffset="0" xadvance="23" page="0" chnl="15"/>
  </chars>
</font>