<files>

  <file id="char" path="assets/spritesheets/character/character.png" type="ATLAS" />
  <file id="room" path="assets/images/bg.png" type="PNG" />
  <file id="tree" path="assets/spritesheets/tree/tree.png" type="ATLAS" />
  <file id="treeLights" path="assets/images/tree-lights.png" type="PNG" />
  <file id="futureTree" path="assets/images/futureTree.png" type="PNG" />
  <file id="futureTreeFire" path="assets/images/futureTreeFire.png" type="PNG" />
  <file id="rope" path="assets/images/rope.png" type="PNG" />
  <file id="ropeIcon" path="assets/images/ropeIcon.png" type="PNG" />

<file id="itemsTitle" path="assets/images/items.png" type="PNG" />

  <file id="knife" path="assets/images/knife.png" type="PNG" />
  <file id="knifeIcon" path="assets/images/knifeIcon.png" type="PNG" />

  <file id="oil" path="assets/images/oil.png" type="PNG" />
  <file id="oilIcon" path="assets/images/oilIcon.png" type="PNG" />

  <file id="beard" path="assets/images/beard.png" type="PNG" />
  <file id="beardIcon" path="assets/images/beardIcon.png" type="PNG" />

  <file id="oilyBeardIcon" path="assets/images/oilyBeardIcon.png" type="PNG" />

  <file id="bird" path="assets/spritesheets/bird1/hitTree.png" type="ATLAS" />

  <file id="baubel" path="assets/images/baubel.png" type="PNG" />

  <file id="window" path="assets/spritesheets/window/window.png" type="ATLAS" />

  <file id="box" path="assets/images/box.png" type="PNG" />
  <file id="boxOpen" path="assets/images/boxOpen.png" type="PNG" />
  <file id="boxUnlocked" path="assets/images/boxUnlocked.png" type="PNG" />

  <file id="decorations" path="assets/images/decorations.png" type="PNG" />
  <file id="decorationsIcon" path="assets/images/decorationsIcon.png" type="PNG" />
  <file id="decorationsEmpty" path="assets/images/decorationsEmpty.png" type="PNG" />
  <file id="decorationsTaped" path="assets/images/decorationsTaped.png" type="PNG" />


  <file id="door" path="assets/images/door.png" type="PNG" />
  <file id="hangingDecorations" path="assets/images/hangingDecorations.png" type="PNG" />

  <file id="emptyIconSlot" path="assets/images/emptyIconSlot.png" type="PNG" />
  <file id="pixelFont" path="assets/font/minecraft-font/minecraft-font.png" type="BMP_FONT" />
  <file id="ui" path="assets/spritesheets/ui/ui.png" type="ATLAS" />

  <file id="blackPixel" path="assets/images/blackPixel.png" type="PNG" />
  <file id="whitePixel" path="assets/images/whitePixel.png" type="PNG" />

  <file id="menuBG" path="assets/ui/bg1.png" type="PNG" />
  <file id="title" path="assets/ui/title1.png" type="PNG" />

  <file id="titleInSFX" path="assets/audio/sfx/snd_title_in.mp3" type="SND" />
  <file id="btnPressSFX" path="assets/audio/sfx/snd_btnpress.mp3" type="SND" />
  <file id="sndWalk" path="assets/audio/sfx/snd_walk.mp3" type="SND" />
  <file id="sndPickup" path="assets/audio/sfx/snd_pickup2.mp3" type="SND" />
  <file id="sndBirdHitWindow" path="assets/audio/sfx/snd_bird_hit_window.mp3" type="SND" />

</files>
