{"frames": [

{
	"filename": "birdAnim1.png",
	"frame": {"x":58,"y":15,"w":5,"h":5},
	"rotated": false,
	"trimmed": true,
	"spriteSourceSize": {"x":13,"y":25,"w":5,"h":5},
	"sourceSize": {"w":117,"h":59}
},
{
	"filename": "birdAnim2.png",
	"frame": {"x":42,"y":15,"w":14,"h":11},
	"rotated": false,
	"trimmed": true,
	"spriteSourceSize": {"x":9,"y":30,"w":14,"h":11},
	"sourceSize": {"w":117,"h":59}
},
{
	"filename": "birdAnim3.png",
	"frame": {"x":1,"y":150,"w":23,"h":20},
	"rotated": false,
	"trimmed": true,
	"spriteSourceSize": {"x":46,"y":7,"w":23,"h":20},
	"sourceSize": {"w":117,"h":59}
},
{
	"filename": "birdAnim4.png",
	"frame": {"x":1,"y":28,"w":31,"h":22},
	"rotated": false,
	"trimmed": true,
	"spriteSourceSize": {"x":86,"y":0,"w":31,"h":22},
	"sourceSize": {"w":117,"h":59}
},
{
	"filename": "birdAnim5.png",
	"frame": {"x":1,"y":1,"w":39,"h":25},
	"rotated": false,
	"trimmed": true,
	"spriteSourceSize": {"x":59,"y":13,"w":39,"h":25},
	"sourceSize": {"w":117,"h":59}
},
{
	"filename": "birdAnim6.png",
	"frame": {"x":1,"y":90,"w":27,"h":25},
	"rotated": false,
	"trimmed": true,
	"spriteSourceSize": {"x":15,"y":34,"w":27,"h":25},
	"sourceSize": {"w":117,"h":59}
},
{
	"filename": "birdAnim7.png",
	"frame": {"x":1,"y":117,"w":26,"h":14},
	"rotated": false,
	"trimmed": true,
	"spriteSourceSize": {"x":0,"y":30,"w":26,"h":14},
	"sourceSize": {"w":117,"h":59}
},
{
	"filename": "birdAnim8.png",
	"frame": {"x":1,"y":172,"w":9,"h":8},
	"rotated": false,
	"trimmed": true,
	"spriteSourceSize": {"x":11,"y":34,"w":9,"h":8},
	"sourceSize": {"w":117,"h":59}
},
{
	"filename": "birdAnim9.png",
	"frame": {"x":60,"y":1,"w":3,"h":3},
	"rotated": false,
	"trimmed": true,
	"spriteSourceSize": {"x":0,"y":0,"w":3,"h":3},
	"sourceSize": {"w":117,"h":59}
},
{
	"filename": "birdWindowAnim1.png",
	"frame": {"x":56,"y":127,"w":6,"h":6},
	"rotated": false,
	"trimmed": true,
	"spriteSourceSize": {"x":6,"y":5,"w":6,"h":6},
	"sourceSize": {"w":31,"h":55}
},
{
	"filename": "birdWindowAnim2.png",
	"frame": {"x":42,"y":1,"w":16,"h":12},
	"rotated": false,
	"trimmed": true,
	"spriteSourceSize": {"x":2,"y":1,"w":16,"h":12},
	"sourceSize": {"w":31,"h":55}
},
{
	"filename": "birdWindowAnim3.png",
	"frame": {"x":29,"y":127,"w":25,"h":18},
	"rotated": false,
	"trimmed": true,
	"spriteSourceSize": {"x":2,"y":0,"w":25,"h":18},
	"sourceSize": {"w":31,"h":55}
},
{
	"filename": "birdWindowAnim4.png",
	"frame": {"x":29,"y":127,"w":25,"h":18},
	"rotated": false,
	"trimmed": true,
	"spriteSourceSize": {"x":2,"y":0,"w":25,"h":18},
	"sourceSize": {"w":31,"h":55}
},
{
	"filename": "birdWindowAnim5.png",
	"frame": {"x":29,"y":127,"w":25,"h":18},
	"rotated": false,
	"trimmed": true,
	"spriteSourceSize": {"x":2,"y":3,"w":25,"h":18},
	"sourceSize": {"w":31,"h":55}
},
{
	"filename": "birdWindowAnim6.png",
	"frame": {"x":1,"y":133,"w":25,"h":15},
	"rotated": false,
	"trimmed": true,
	"spriteSourceSize": {"x":2,"y":7,"w":25,"h":15},
	"sourceSize": {"w":31,"h":55}
},
{
	"filename": "birdWindowAnim7.png",
	"frame": {"x":50,"y":159,"w":12,"h":18},
	"rotated": false,
	"trimmed": true,
	"spriteSourceSize": {"x":8,"y":17,"w":12,"h":18},
	"sourceSize": {"w":31,"h":55}
},
{
	"filename": "birdWindowAnim8.png",
	"frame": {"x":29,"y":127,"w":25,"h":18},
	"rotated": false,
	"trimmed": true,
	"spriteSourceSize": {"x":2,"y":30,"w":25,"h":18},
	"sourceSize": {"w":31,"h":55}
},
{
	"filename": "birdWindowAnim9.png",
	"frame": {"x":28,"y":147,"w":25,"h":10},
	"rotated": false,
	"trimmed": true,
	"spriteSourceSize": {"x":3,"y":45,"w":25,"h":10},
	"sourceSize": {"w":31,"h":55}
},
{
	"filename": "birdWindowTransparencyAnim1.png",
	"frame": {"x":55,"y":147,"w":8,"h":8},
	"rotated": false,
	"trimmed": true,
	"spriteSourceSize": {"x":6,"y":3,"w":8,"h":8},
	"sourceSize": {"w":31,"h":55}
},
{
	"filename": "birdWindowTransparencyAnim2.png",
	"frame": {"x":26,"y":159,"w":22,"h":17},
	"rotated": false,
	"trimmed": true,
	"spriteSourceSize": {"x":0,"y":0,"w":22,"h":17},
	"sourceSize": {"w":31,"h":55}
},
{
	"filename": "birdWindowTransparencyAnim3.png",
	"frame": {"x":34,"y":28,"w":29,"h":18},
	"rotated": false,
	"trimmed": true,
	"spriteSourceSize": {"x":1,"y":0,"w":29,"h":18},
	"sourceSize": {"w":31,"h":55}
},
{
	"filename": "birdWindowTransparencyAnim4.png",
	"frame": {"x":34,"y":28,"w":29,"h":18},
	"rotated": false,
	"trimmed": true,
	"spriteSourceSize": {"x":1,"y":0,"w":29,"h":18},
	"sourceSize": {"w":31,"h":55}
},
{
	"filename": "birdWindowTransparencyAnim5.png",
	"frame": {"x":30,"y":104,"w":27,"h":21},
	"rotated": false,
	"trimmed": true,
	"spriteSourceSize": {"x":1,"y":1,"w":27,"h":21},
	"sourceSize": {"w":31,"h":55}
},
{
	"filename": "birdWindowTransparencyAnim6.png",
	"frame": {"x":34,"y":83,"w":28,"h":19},
	"rotated": false,
	"trimmed": true,
	"spriteSourceSize": {"x":0,"y":3,"w":28,"h":19},
	"sourceSize": {"w":31,"h":55}
},
{
	"filename": "birdWindowTransparencyAnim7.png",
	"frame": {"x":34,"y":48,"w":28,"h":33},
	"rotated": false,
	"trimmed": true,
	"spriteSourceSize": {"x":3,"y":9,"w":28,"h":33},
	"sourceSize": {"w":31,"h":55}
},
{
	"filename": "birdWindowTransparencyAnim8.png",
	"frame": {"x":1,"y":52,"w":31,"h":21},
	"rotated": false,
	"trimmed": true,
	"spriteSourceSize": {"x":0,"y":29,"w":31,"h":21},
	"sourceSize": {"w":31,"h":55}
},
{
	"filename": "birdWindowTransparencyAnim9.png",
	"frame": {"x":1,"y":75,"w":31,"h":13},
	"rotated": false,
	"trimmed": true,
	"spriteSourceSize": {"x":0,"y":42,"w":31,"h":13},
	"sourceSize": {"w":31,"h":55}
}],
"meta": {
	"app": "http://www.codeandweb.com/texturepacker",
	"version": "1.0",
	"image": "hitTree.png",
	"format": "RGBA8888",
	"size": {"w":64,"h":181},
	"scale": "1",
	"smartupdate": "$TexturePacker:SmartUpdate:20c18f06fc9a8dccad939b444bac836f:b6f4a64a6d5bac1be727852ada44c5d8:d281debb920e5d0296fa5a95e2365876$"
}
}
