{"frames": [

{
	"filename": "tree1.png",
	"frame": {"x":131,"y":212,"w":109,"h":189},
	"rotated": false,
	"trimmed": true,
	"spriteSourceSize": {"x":8,"y":0,"w":109,"h":189},
	"sourceSize": {"w":147,"h":240}
},
{
	"filename": "tree2.png",
	"frame": {"x":131,"y":403,"w":109,"h":189},
	"rotated": false,
	"trimmed": true,
	"spriteSourceSize": {"x":8,"y":0,"w":109,"h":189},
	"sourceSize": {"w":147,"h":240}
},
{
	"filename": "tree3.png",
	"frame": {"x":1,"y":212,"w":128,"h":199},
	"rotated": false,
	"trimmed": true,
	"spriteSourceSize": {"x":0,"y":0,"w":128,"h":199},
	"sourceSize": {"w":147,"h":240}
},
{
	"filename": "tree4.png",
	"frame": {"x":1,"y":1,"w":138,"h":209},
	"rotated": false,
	"trimmed": true,
	"spriteSourceSize": {"x":9,"y":9,"w":138,"h":209},
	"sourceSize": {"w":147,"h":240}
},
{
	"filename": "tree5.png",
	"frame": {"x":130,"y":594,"w":119,"h":168},
	"rotated": false,
	"trimmed": true,
	"spriteSourceSize": {"x":28,"y":72,"w":119,"h":168},
	"sourceSize": {"w":147,"h":240}
},
{
	"filename": "tree6.png",
	"frame": {"x":1,"y":822,"w":127,"h":91},
	"rotated": false,
	"trimmed": true,
	"spriteSourceSize": {"x":20,"y":149,"w":127,"h":91},
	"sourceSize": {"w":147,"h":240}
},
{
	"filename": "tree7.png",
	"frame": {"x":1,"y":413,"w":127,"h":135},
	"rotated": false,
	"trimmed": true,
	"spriteSourceSize": {"x":20,"y":105,"w":127,"h":135},
	"sourceSize": {"w":147,"h":240}
},
{
	"filename": "tree8.png",
	"frame": {"x":1,"y":687,"w":127,"h":133},
	"rotated": false,
	"trimmed": true,
	"spriteSourceSize": {"x":20,"y":107,"w":127,"h":133},
	"sourceSize": {"w":147,"h":240}
},
{
	"filename": "tree9.png",
	"frame": {"x":1,"y":550,"w":127,"h":135},
	"rotated": false,
	"trimmed": true,
	"spriteSourceSize": {"x":20,"y":105,"w":127,"h":135},
	"sourceSize": {"w":147,"h":240}
}],
"meta": {
	"app": "http://www.codeandweb.com/texturepacker",
	"version": "1.0",
	"image": "tree.png",
	"format": "RGBA8888",
	"size": {"w":250,"h":914},
	"scale": "1",
	"smartupdate": "$TexturePacker:SmartUpdate:515db055e849e19969a98e4e0cf9efa6:f3ce4660987ee87cec29415375f6359a:4e275c72fcbe49e6d6a6cf9ad6765a40$"
}
}
