{"frames": [

{
	"filename": "char1.png",
	"frame": {"x":1,"y":557,"w":57,"h":91},
	"rotated": false,
	"trimmed": true,
	"spriteSourceSize": {"x":0,"y":0,"w":57,"h":91},
	"sourceSize": {"w":62,"h":91}
},
{
	"filename": "char2.png",
	"frame": {"x":1,"y":743,"w":57,"h":90},
	"rotated": false,
	"trimmed": true,
	"spriteSourceSize": {"x":0,"y":1,"w":57,"h":90},
	"sourceSize": {"w":62,"h":91}
},
{
	"filename": "char3.png",
	"frame": {"x":1,"y":650,"w":57,"h":91},
	"rotated": false,
	"trimmed": true,
	"spriteSourceSize": {"x":0,"y":0,"w":57,"h":91},
	"sourceSize": {"w":62,"h":91}
},
{
	"filename": "charBeard1.png",
	"frame": {"x":1,"y":1,"w":62,"h":91},
	"rotated": false,
	"trimmed": false,
	"spriteSourceSize": {"x":0,"y":0,"w":62,"h":91},
	"sourceSize": {"w":62,"h":91}
},
{
	"filename": "charBeard2.png",
	"frame": {"x":1,"y":373,"w":62,"h":90},
	"rotated": false,
	"trimmed": true,
	"spriteSourceSize": {"x":0,"y":1,"w":62,"h":90},
	"sourceSize": {"w":62,"h":91}
},
{
	"filename": "charBeard3.png",
	"frame": {"x":1,"y":94,"w":62,"h":91},
	"rotated": false,
	"trimmed": false,
	"spriteSourceSize": {"x":0,"y":0,"w":62,"h":91},
	"sourceSize": {"w":62,"h":91}
},
{
	"filename": "charOilyBeard1.png",
	"frame": {"x":1,"y":187,"w":62,"h":91},
	"rotated": false,
	"trimmed": false,
	"spriteSourceSize": {"x":0,"y":0,"w":62,"h":91},
	"sourceSize": {"w":62,"h":91}
},
{
	"filename": "charOilyBeard2.png",
	"frame": {"x":1,"y":465,"w":62,"h":90},
	"rotated": false,
	"trimmed": true,
	"spriteSourceSize": {"x":0,"y":1,"w":62,"h":90},
	"sourceSize": {"w":62,"h":91}
},
{
	"filename": "charOilyBeard3.png",
	"frame": {"x":1,"y":280,"w":62,"h":91},
	"rotated": false,
	"trimmed": false,
	"spriteSourceSize": {"x":0,"y":0,"w":62,"h":91},
	"sourceSize": {"w":62,"h":91}
}],
"meta": {
	"app": "http://www.codeandweb.com/texturepacker",
	"version": "1.0",
	"image": "character.png",
	"format": "RGBA8888",
	"size": {"w":64,"h":834},
	"scale": "1",
	"smartupdate": "$TexturePacker:SmartUpdate:8a4c08ba45b01637407e11d46e20065c:2b08846d80a253519deaa55c983126f3:42e475aa4a03af306bdc7acb5ff91d19$"
}
}
